tag,vol_floor,tail_p,tail_k,width,eff_mult,admissible,geo_all,geo_F1,geo_F2,geo_F3,geo_F4,z164,z233,mean_z,sd_ratio,z164_F1,z164_F2,z164_F3,z164_F4,worst_family
f0_p00k1_w100,0,0.0,1.0,1.0,1.0,104,0.924535389692945,0.712311935811731,1.0090610868191732,0.8487502252881218,1.075726572625232,0.2627118644067797,0.13559322033898305,-0.24210683901075042,0.8490138381720905,0.08823529411764706,0.2916666666666667,0.2054794520547945,0.6875,1.075726572625232
f0_p20k2_w100,0,0.2,2.0,1.0,1.265,104,0.9256050691911343,0.7699295813995257,1.003841256791387,0.8513255424637755,1.0307942701327315,0.1694915254237288,0.08050847457627118,-0.19421641855585825,1.0895241871550627,0.058823529411764705,0.16666666666666666,0.1095890410958904,0.5625,1.0307942701327315
f0_p00k1_w115,0,0.0,1.0,1.15,1.15,104,0.9263774697449503,0.7657614104013786,0.9991520650365969,0.8520589318445915,1.0401940624660564,0.211864406779661,0.09322033898305085,-0.21113854465931783,0.976365913897904,0.08823529411764706,0.20833333333333334,0.1506849315068493,0.625,1.0401940624660564
f0_p00k1_w130,0,0.0,1.0,1.3,1.3,104,0.9358014420893931,0.8271304166820264,0.998315130577613,0.8679588452826396,1.0109421932536864,0.1652542372881356,0.08050847457627118,-0.18731677977360026,1.1037179896237168,0.029411764705882353,0.16666666666666666,0.11643835616438356,0.53125,1.0109421932536864
f0_p20k2_w115,0,0.2,2.0,1.15,1.455,104,0.9390018163530646,0.8422033653934557,1.0062475957376606,0.8739455099556072,0.9992519092905944,0.11440677966101695,0.07203389830508475,-0.16949013435858376,1.2529528152283236,0.029411764705882353,0.0,0.07534246575342465,0.46875,1.0062475957376606
f0_p30k2.5_w100,0,0.3,2.5,1.0,1.605,104,0.9419605846513297,0.849208882325075,1.0172413847565218,0.8783656767150781,0.9918098929856131,0.09322033898305085,0.059322033898305086,-0.15064202605596308,1.3784028958302972,0.0,0.0,0.0547945205479452,0.4375,1.0172413847565218
f1_p00k1_w100,1,0.0,1.0,1.0,1.0,104,0.9427554991619214,0.7959125452745957,1.000153833473573,0.8887558770354137,1.0407589263371317,0.2330508474576271,0.1016949152542373,-0.19953649261069678,1.001279685171196,0.058823529411764705,0.2916666666666667,0.1643835616438356,0.6875,1.0407589263371317
f1_p00k1_w115,1,0.0,1.0,1.15,1.15,104,0.9530538358065452,0.873590913900337,0.9957165719026375,0.9033658002675582,1.008181922031338,0.1483050847457627,0.07627118644067797,-0.17412085213753176,1.1514716379468748,0.058823529411764705,0.0,0.10273972602739725,0.5625,1.008181922031338
f1_p20k2_w100,1,0.2,2.0,1.0,1.265,104,0.9540579940723928,0.8790151126798795,1.003816210249238,0.903844651901954,1.0007842203419965,0.13135593220338984,0.06779661016949153,-0.16008261515847183,1.2821367614327523,0.058823529411764705,0.0,0.08904109589041095,0.5,1.003816210249238
f0_p20k2_w130,0,0.2,2.0,1.3,1.644,104,0.960344161153944,0.9225983747126412,1.0183574986798425,0.9098896598167965,0.9754319236786829,0.08898305084745763,0.059322033898305086,-0.15046991574529553,1.4163814433015822,0.0,0.0,0.0547945205479452,0.40625,1.0183574986798425
f0_p30k2.5_w115,0,0.3,2.5,1.15,1.845,104,0.9693255825252531,0.94369930824089,1.0331262428409007,0.9235332643203754,0.968792046136634,0.08050847457627118,0.0211864406779661,-0.1315495745698976,1.5851633302048411,0.0,0.0,0.0410958904109589,0.40625,1.0331262428409007
f1_p00k1_w130,1,0.0,1.0,1.3,1.3,104,0.9709789181923372,0.9589411141233349,1.0023645722455135,0.9302006100400191,0.9828011058716353,0.1228813559322034,0.06779661016949153,-0.15457035946586664,1.3016635907225536,0.029411764705882353,0.0,0.08904109589041095,0.46875,1.0023645722455135
f1_p20k2_w115,1,0.2,2.0,1.15,1.455,104,0.9774281894889383,0.9793227064758632,1.0140496016228742,0.9391797407041264,0.9746519164490635,0.0847457627118644,0.046610169491525424,-0.13980856618694323,1.4744572756476653,0.029411764705882353,0.0,0.04794520547945205,0.375,1.0140496016228742
f1_p30k2.5_w100,1,0.3,2.5,1.0,1.605,104,0.9819811255234893,0.9881009575659049,1.0264877367228178,0.9445376926284359,0.9700736395968764,0.07627118644067797,0.038135593220338986,-0.12423519666024581,1.6285225753539874,0.0,0.0,0.0410958904109589,0.375,1.0264877367228178
f0_p30k2.5_w130,0,0.3,2.5,1.3,2.086,104,1.0034489498905865,1.0464630199595482,1.055985913390772,0.9844370978809484,0.9513333711192432,0.0635593220338983,0.01694915254237288,-0.11686307342677028,1.7919237645793866,0.0,0.0,0.02054794520547945,0.375,1.055985913390772
f1_p20k2_w130,1,0.2,2.0,1.3,1.644,104,1.0079932479166307,1.0882456878532065,1.0319457432141632,0.9880511518028486,0.9565410249573811,0.07627118644067797,0.038135593220338986,-0.12421314390115211,1.6667777898625808,0.0,0.0,0.0410958904109589,0.375,1.0882456878532065
f1_p30k2.5_w115,1,0.3,2.5,1.15,1.845,104,1.0198305751561716,1.1161455546810342,1.0490021226991495,1.0048320733982252,0.9526313571996562,0.059322033898305086,0.01694915254237288,-0.10858711422579555,1.8728009616570849,0.0,0.0,0.02054794520547945,0.34375,1.1161455546810342
f1_p30k2.5_w130,1,0.3,2.5,1.3,2.086,104,1.0645525958349533,1.2530870204178537,1.0786842502103222,1.0811400396948676,0.9419771093054404,0.0423728813559322,0.00847457627118644,-0.09655012773775692,2.1170793479601837,0.0,0.0,0.00684931506849315,0.28125,1.2530870204178537
