unit,family,cells,admissible,marginal,joint,tail,composite,baseline_composite,ratio,error
t2-F1-liftoff-telegraph-2015,F1,2,True,0.16462885062793853,0.07673465527309058,0.04032017001723909,0.11339885589934426,0.2092277717742815,0.5419875905464446,
t2-F1-chf-highly-valued-2021,F1,2,True,0.022593365804045293,0.034492552121467776,0.007314075316699396,0.023107263601802857,0.041291894981803016,0.5596077296037402,
t2-F4-gbp-conference-2016,F4,1,True,0.03209126925597889,0.0,0.004237643319360415,0.02413309041694504,0.04141375816477774,0.5827312344106493,
t2-F1-jpy-ycc-flex-2018,F1,2,True,1.9861435667743286,0.21074994845739342,0.4694775768143462,1.1501922832872515,1.9661791957562813,0.5849885329728737,
t2-F4-gbp-brexit-2016,F4,1,True,0.04646785050594406,0.0,0.004572700372690333,0.03449780761072871,0.05810723628733032,0.5936921081591795,
t2-F3-hiking-year-curve-2018,F3,8,True,0.13375158095672385,3.542969575716943,0.032878930040002655,1.1363424492014451,1.8104730718849023,0.6276494618162904,
t2-F1-pause-2006,F1,4,True,0.19850376960055927,0.6854477577312933,0.046477937132422986,0.3141817995461522,0.48812359819549184,0.6436521420140877,
t2-F3-dots-vs-oil-2014,F3,6,True,0.14801592047102144,0.5357759485706621,0.0319582274754332,0.241132390301796,0.3698791949908934,0.6519220155319436,
t2-F3-vaccine-rotation-2020,F3,6,True,0.06724091644617528,0.5149865958445407,0.008724890002042957,0.1898614149768584,0.2700132895452858,0.7031558161325813,
t2-F4-short-vol-2018,F4,1,True,0.018658436097618233,0.0,0.002453873479415002,0.014028561063845882,0.019867047921176245,0.7061220730681818,
t2-F3-safe-haven-paradox-2011,F3,6,True,0.6024698828124277,6.192249532057756,0.10543217697504147,2.1799962364185492,2.9545906771228845,0.7378335866616156,
t2-F1-third-cut-2019,F1,2,True,0.925274681432268,0.17897930360146863,0.04729345011541449,0.5257898218196575,0.6972611462057869,0.754078761853852,
t2-F3-taper-steepener-2013,F3,8,True,0.36903842251417995,1.8708820730386964,0.032913103148577705,0.7523664537984143,0.9851620059984931,0.7636982031558016,
t2-F1-cad-boc-2017,F1,2,True,0.02536049922775656,0.003062505521155756,0.005871849728329237,0.014773371215890852,0.01928390093188619,0.7660986886456611,
t2-F4-momentum-reversal-2009,F4,1,True,0.5197608788128926,0.0,0.05764880902470929,0.3877288588734117,0.5030761305695626,0.7707160712126029,
t2-F1-conundrum-2005,F1,2,True,0.22683804934232438,0.027484410011997855,0.0604456690558353,0.1337534814859286,0.17315559266301978,0.7724467886303154,
t2-F3-divergence-2014,F3,6,True,2.640371189649629,5.916042028801172,0.2408677904492231,3.1431717615550108,4.004450445061638,0.7849196299660115,
t2-F4-hml-covid-2020,F4,1,True,0.07057978131468202,0.0,0.0036869759115119092,0.05146755119949056,0.06451172738568674,0.7978014740140055,
t2-F4-aud-gfc-2008,F4,1,True,0.08570769039810183,0.0,0.00818809198988569,0.06355923371004008,0.07963101829529011,0.7981718062972375,
t2-F4-factor-stress-2008,F4,2,True,0.1110560550736922,0.12921615635768827,0.01046860066046156,0.09638659457624489,0.12054778622769144,0.7995716685679259,
t2-F4-funding-stress-2y-2008,F4,1,True,0.8956194881923961,0.0,0.056359348825640455,0.6558308769447516,0.8200246538303284,0.7997697067781694,
t2-F3-cpi-shock-cross-2022,F3,4,True,0.050477268006018296,0.09202574909047351,0.006632595861420264,0.05417287790243525,0.06729946660231366,0.8049525596176548,
t2-F3-inversion-persistence-2019,F3,4,True,0.17005078176026328,0.6877930058469752,0.0369955419027979,0.2987624010147838,0.36520909417512887,0.818058492463274,
t2-F2-trichet-alertness-2008,F2,1,True,0.07017504996468296,0.0,0.007352381941075945,0.05222571624365239,0.0637347537571228,0.8194228919856116,
t2-F4-cpi-friday-2022,F4,1,True,0.33984838079733526,0.0,0.04183096686234951,0.2547005482444822,0.30719087516714405,0.8291279749305651,
t2-F3-funding-flip-2024,F3,8,True,1.0832724817300863,2.35621589176512,0.11130286693806181,1.2707615817821916,1.5287949408102108,0.8312178094393287,
t2-F1-qe3-end-2014,F1,2,True,0.21000981459959533,0.0065771713316992424,0.042992455099200924,0.11557654971914763,0.13854389736006265,0.834223317817998,
t2-F2-nirp-paradox-2016,F2,1,True,5.926248734476541,0.0,0.43546297631660763,4.357452803573703,5.147444184870768,0.8465274507261319,
t2-F4-svb-whiplash-2023,F4,1,True,0.9997195314028022,0.0,0.1454738785855746,0.7556493448835944,0.8877775194929058,0.8511697224719292,
t2-F3-covid-curve-2020,F3,8,True,0.6124908484076725,2.7094355186197445,0.06634619774338824,1.1323453193384374,1.330060805495817,0.8513485358410545,
t2-F4-covid-mkt-2020,F4,1,True,0.27967927844672674,0.0,0.06225511901274899,0.21755809003701881,0.2518888107380183,0.8637068450940214,
t2-F1-aud-on-hold-2016,F1,2,True,0.020900444134750337,0.0018081072967990187,0.004731769467615555,0.011939008149937983,0.013749222840322808,0.868340581034446,
t2-F3-oil-fx-split-2022,F3,8,True,0.15067431745165666,1.1243372643680782,0.023581028566461406,0.4173545437495441,0.47908376767633937,0.8711515019049896,
t2-F4-nok-covid-2020,F4,1,True,0.9585193637710061,0.0,0.18084424962677711,0.7363264740155121,0.8417832343207853,0.87472218974477,
t2-F4-hike-cycle-2021Q4b,F4,1,True,1.904988248494194,0.0,0.3082184512307369,1.4487683064189205,1.6550498099923325,0.8753623592909463,
t2-F4-ust-downgrade-watch-2011,F4,1,True,0.6618115007209611,0.0,0.05894275247905872,0.4895632869375604,0.5592093405048177,0.8754562048187796,
t2-F1-dkk-peg-2019,F1,1,True,0.12401160328085598,0.0,0.025886067797186548,0.09597573599980758,0.10940095058225138,0.8772842967909107,
t2-F2-ecb-qe-telegraph-2014,F2,1,True,0.06533052234147434,0.0,0.004351311507485987,0.04790789067462053,0.05444868388442822,0.8798723358733324,
t2-F4-jpy-crowding-2024,F4,1,True,3.3011386847502333,0.0,0.2891096373473873,2.440558956920849,2.730013310173907,0.893973281311724,
t2-F3-conundrum-joint-2005,F3,8,True,0.2010342064887065,4.129636536336041,0.04608238073742535,1.3486245402926507,1.5049835120339512,0.8961058573126924,
t2-F4-covid-rates-2020,F4,1,True,0.6628335503985089,0.0,0.08726665433473127,0.4983858658088582,0.5554882978946514,0.8972031772726512,
t2-F2-some-pain-2022,F2,1,True,0.39117780594786744,0.0,0.048984184056195895,0.29340819969310417,0.32642988043889304,0.8988398957185219,
t2-F4-jpy-carry-2007,F4,1,True,4.5325561887069785,0.0,0.3148644582922646,3.327501408588489,3.6992919268684745,0.8994968427391148,
t2-F2-opec-cad-2014,F2,1,True,0.0651011316933019,0.0,0.0036683462591127172,0.04754890728353356,0.0523302704857163,0.9086310244949369,
t2-F3-term-premium-steepener-2023,F3,8,True,0.30516997733506807,4.792404597430076,0.030723033067376483,1.5964509745100324,1.7380732577325229,0.9185176559201826,
t2-F4-chf-floor-strain-2015,F4,1,True,0.08191416473307359,0.0,0.009893701354058735,0.06133688948192649,0.0660712038344443,0.9283452687742657,
t2-F4-ust10y-supply-2023,F4,1,True,0.16844408610858946,0.0,0.021684003021665274,0.1265126337980397,0.13236952621517037,0.9557534684560998,
t2-F1-patient-dropped-2015,F1,1,True,0.19139737098920445,0.0,0.03744640399736338,0.147411380420107,0.15059213690925424,0.9788783361838876,
t2-F3-dollar-vortex-2022,F3,8,True,0.8545205705419795,1.7788689394056276,0.1479438908738142,0.9905097452674407,1.004028612304152,0.9865353767103442,
t2-F2-draghi-precommit-2014,F2,1,True,0.027373936211657506,0.0,0.0033801394451988217,0.020518565706955025,0.02079212959775153,0.9868429114242301,
t2-F4-powell-december-2018,F4,1,True,0.0661452684626563,0.0,0.005208826533640859,0.0487348564829376,0.049089382291324715,0.9927779533610108,
t2-F2-aud-taper-2013,F2,1,True,0.038422743510131904,0.0,0.0036048714718644012,0.028474780070626905,0.02866370955371807,0.9934087567159757,
t2-F2-shunto-nirp-exit-2024,F2,1,True,5.336354265084875,0.0,0.45898141032117,3.9428191637238164,3.9649916843871016,0.9944079275750832,
t2-F2-trade-war-escalation-2019,F2,1,True,0.12521945759205227,0.0,0.027916843642363562,0.09741871074928407,0.09704942685043118,1.003805111589397,
t2-F2-boj-thin-signal-2014,F2,1,True,7.135911843947617,0.0,0.4100279025821691,5.214230717843204,5.187376354734798,1.0051768680874473,
t2-F1-ust-positioning-2018,F1,2,True,0.5199607505945321,0.029083520484079816,0.0375786459457368,0.2762211606316373,0.2700823214369376,1.0227295113654193,
t2-F2-taper-begins-2013,F2,1,True,0.21146338570393797,0.0,0.04138501188292524,0.16286956461222005,0.15856443211836757,1.027150682131783,
t2-F4-funding-stress-10y-2008,F4,1,True,0.21837193336247857,0.0,0.027669399359417687,0.16388549507588973,0.1592278024588159,1.0292517546882463,
t2-F2-taper-testimony-2013,F2,1,True,0.6494732638027578,0.0,0.04734066155461293,0.477435377446145,0.46383756805473475,1.0293158862669047,
t2-F3-boj-ust-channel-2023,F3,4,True,2.330115974903883,0.863884502249057,0.24482848065930457,1.4731890342585197,1.4290406266297353,1.0308937386426196,
t2-F1-fed-put-2019,F1,1,True,0.06710741706216011,0.0,0.007844748509926704,0.05017522604723629,0.048272643381921075,1.0394132687174897,
t2-F2-credit-crunch-2007,F2,1,True,0.38209920718849943,0.0,0.04255400405416888,0.2850862920072621,0.273967335727139,1.0405849706521115,
t2-F2-eur-parity-2022,F2,1,True,0.049384708780910516,0.0,0.008213209527039125,0.03762142327980441,0.03613267705438109,1.0412022121467142,
t2-F3-scandies-stress-2022,F3,6,True,0.21925022722855458,1.1207935524610846,0.027762996228217558,0.45141577859824616,0.43151647687152195,1.0461148132071187,
t2-F1-normalization-2017,F1,1,True,0.20584840297920354,0.0,0.0374581612008039,0.1577369053282322,0.15069328087046788,1.0467414633026595,
t2-F2-powell-pivot-2019,F2,1,True,0.40650210198790576,0.0,0.03686162872630057,0.3008905381988757,0.28742689307800057,1.0468419811963157,
t2-F4-mkt-selloff-2011,F4,1,True,0.14987966577544987,0.0,0.016012640681062475,0.11163194431991061,0.1054230018663316,1.058895519418537,
t2-F2-abenomics-2012,F2,1,True,6.949375952148959,0.0,0.5580332205171724,5.123278028825592,4.816767925355219,1.0636339778499437,
t2-F4-taper-warning-2013,F4,1,True,0.6564255683332557,0.0,0.06510448312093109,0.4874766868440201,0.4578073596504117,1.064807449177454,
t2-F4-eur-warnings-2022,F4,1,True,0.016521094615039127,0.0,0.002839164779519705,0.012611971804890721,0.011796340866063237,1.0691427068858246,
t2-F2-whatever-it-takes-2012,F2,1,True,0.03843527482523556,0.0,0.0053228467886186105,0.02897458110048786,0.0266320087566278,1.0879607830286957,
t2-F4-china-stress-mkt-2015,F4,1,True,0.03876351487045965,0.0,0.003087719592766139,0.02857043050540436,0.02604859579107165,1.0968126932660642,
t2-F2-considerable-removal-2004,F2,1,True,0.3029095149262367,0.0,0.04575834466767788,0.2294377519952199,0.20883440743303885,1.0986587642114833,
t2-F2-time-has-come-2024,F2,1,True,0.2699261065653535,0.0,0.03909397664370106,0.20397406944488136,0.18553021855743335,1.0994115731165297,
t2-F1-measured-pace-2004,F1,2,True,0.5200713300211571,0.07659309387057375,0.06901054919336208,0.2968157030104231,0.26981763056393915,1.1000604459762542,
t2-F2-act-as-appropriate-2019,F2,1,True,0.10926344716583597,0.0,0.02744770558073966,0.08588752099866559,0.07687687583550694,1.1172087843741034,
t2-F2-qe2-jackson-hole-2010,F2,1,True,0.27393208383042617,0.0,0.03765723423747885,0.20642498394672695,0.1829527181283229,1.1282968958238742,
t2-F2-cut-sizing-2024,F2,2,True,0.3077535615705155,0.17013243076634488,0.03629457408811113,0.21217542483278343,0.18478280710381892,1.1482422426539616,
t2-F3-rates-into-factors-2022,F3,4,True,0.05799613799328718,0.5659501791486741,0.010447108972895776,0.20087254453582495,0.1725909640864176,1.1638647805179798,
t2-F1-eur-range-2017,F1,2,True,0.030307636688156857,0.0026213769976713673,0.007286271376669021,0.01739748571871364,0.014806458858845383,1.174993013830608,
t2-F4-vaccine-timeline-2020,F4,1,True,0.08411204547776613,0.0,0.008037775191163847,0.062376539681594054,0.05220267703850051,1.1948915883296582,
t2-F2-higher-for-longer-2023,F2,1,True,0.26879963799861983,0.0,0.04039481695906045,0.20354111770160288,0.1691859753744056,1.203061407727029,
t2-F1-considerable-period-2003,F1,2,True,0.30098629612140104,0.030415219362265742,0.07833657545244874,0.17528502895986997,0.14508941596632605,1.2081172688747472,
t2-F4-china-panic-2016,F4,1,True,0.03745926835007597,0.0,0.0033486882172744144,0.027713388312132672,0.022330985465097476,1.2410284514961374,
t2-F4-quant-crowding-2007,F4,3,True,0.01726414413967029,0.026595660909169,0.0022229128141311926,0.017055352905412085,0.01357306543647369,1.2565586591501103,
t2-F1-greater-confidence-2024,F1,2,True,0.27246367985676934,0.008893452493284137,0.06844188507780989,0.15258825269193188,0.11001077003586947,1.3870301302516095,
t2-F3-bear-flattener-2022,F3,8,True,0.2791626186188193,7.828521870672308,0.08076398121784546,2.504290666754671,1.7213234558187558,1.4548634995294905,
t2-F4-qe1-expansion-2009,F4,1,True,0.25360387132862383,0.0,0.059148415617780524,0.19804516969695435,0.1310181742973832,1.511585478572112,
t2-F3-dollar-squeeze-2020,F3,20,True,0.3483480985192732,13.80264389496508,0.07248273498817279,4.329463764746794,1.856203743432226,2.3324291743649703,
t2-F3-brexit-joint-2016,F3,8,True,0.6818935561221064,1.929560426335174,0.1353223191616796,0.9468793697939414,0.30650966646982986,3.0892316731783858,
