unit,family,asof,split,admissible,composite,score,m,j,t,cells
t2-F1-aud-on-hold-2016,F1,2016-11-01,validation,True,0.495715248894534,0.495715248894534,0.5166551479212342,0.25366410152733776,0.8064422223785777,2
t2-F1-cad-boc-2017,F1,2017-07-12,validation,True,0.4276518855846555,0.4276518855846555,0.46740368205025995,0.10887198168650196,0.8064422502678749,2
t2-F1-chf-highly-valued-2021,F1,2021-06-17,validation,True,0.9879267575037352,0.9879267575037352,0.8463821612543144,1.344824177824576,0.8064421176460259,2
t2-F1-considerable-period-2003,F1,2003-08-12,validation,True,0.4400604101126037,0.4400604101126037,0.555083833445251,0.0041001023847337765,0.8064423133727902,2
t2-F1-conundrum-2005,F1,2005-02-18,public-dev,True,0.4010633940834446,0.4010633940834446,0.4754496039134961,0.006833765109862825,0.8064423129686883,2
t2-F1-dkk-peg-2019,F1,2019-03-01,validation,True,0.5595583016756123,0.5595583016756123,0.4627478633857679,0.0,0.801584397400223,1
t2-F1-eur-range-2017,F1,2017-09-07,validation,True,0.9630530249092246,0.9630530249092246,1.0277608213319465,0.9596139048825229,0.8064422138924727,2
t2-F1-fed-put-2019,F1,2019-06-04,validation,True,0.8109423659030295,0.8109423659030295,0.8173779543557069,0.0,0.7948533947713353,1
t2-F1-greater-confidence-2024,F1,2024-01-31,validation,True,0.4047235037380857,0.4047235037380857,0.42795725631256554,0.0981880428773257,0.8064423135930259,2
t2-F1-jpy-ycc-flex-2018,F1,2018-07-31,validation,True,0.40257435848868517,0.40257435848868517,0.47736177358241577,0.008683363041705293,0.8064423139248286,2
t2-F1-liftoff-telegraph-2015,F1,2015-10-28,validation,True,0.46959272717408335,0.46959272717408335,0.4793844466693494,0.22870680524421344,0.8064423113307231,2
t2-F1-measured-pace-2004,F1,2004-06-30,validation,True,0.7852573296981651,0.7852573296981651,0.5399049738043321,1.180054600452675,0.8064423133009825,2
t2-F1-normalization-2017,F1,2017-06-14,validation,True,0.5210139917997934,0.5210139917997934,0.40858263313102133,0.0,0.8020923884717235,1
t2-F1-patient-dropped-2015,F1,2015-03-18,validation,True,0.6630443397723427,0.6630443397723427,0.6076283163225242,0.0,0.8015843983968888,1
t2-F1-pause-2006,F1,2006-08-08,validation,True,1.2561725008365612,1.2561725008365612,1.691926613453007,0.5982968620196698,1.1536006775207825,4
t2-F1-qe3-end-2014,F1,2014-10-29,validation,True,0.5900149199513872,0.5900149199513872,0.586337510480461,0.45185900754643105,0.8064423122361368,2
t2-F1-third-cut-2019,F1,2019-10-30,public-dev,True,1.7507214632527486,1.7507214632527486,2.1300941957985575,1.209593321426586,1.61398184462747,2
t2-F1-ust-positioning-2018,F1,2018-09-28,validation,True,4.1718230659279305,4.1718230659279305,4.337807442872819,0.8623322820481991,8.721098299385305,2
t2-F2-abenomics-2012,F2,2012-11-30,public-dev,True,3.466365483957634,3.466365483957634,3.493937411479382,0.0,3.3974356651532647,1
t2-F2-act-as-appropriate-2019,F2,2019-06-19,validation,True,0.7008280993231857,0.7008280993231857,0.5876134570364805,0.0,0.9838647050399483,1
t2-F2-aud-taper-2013,F2,2013-05-24,validation,True,1.0143111097072457,1.0143111097072457,1.0264897751389837,0.0,0.9838644461279006,1
t2-F2-boj-thin-signal-2014,F2,2014-10-24,public-dev,True,2.3486248846748956,2.3486248846748956,2.6754850787965365,0.0,1.5314743993707935,1
t2-F2-considerable-removal-2004,F2,2004-01-30,validation,True,1.0092363160792717,1.0092363160792717,1.007949211798557,0.0,1.0124540767810586,1
t2-F2-credit-crunch-2007,F2,2007-08-17,validation,True,1.123297636935154,1.123297636935154,1.1676350616620805,0.0,1.0124540751178372,1
t2-F2-cut-sizing-2024,F2,2024-09-06,public-dev,True,1.5065528357760634,1.5065528357760634,1.1437572296901206,2.440139428828609,1.0131619614121024,2
t2-F2-draghi-precommit-2014,F2,2014-05-30,validation,True,1.336101728247957,1.336101728247957,1.4553128983256836,0.0,1.03807380305364,1
t2-F2-ecb-qe-telegraph-2014,F2,2014-11-28,public-dev,True,2.4396705761694415,2.4396705761694415,2.74684813173334,0.0,1.6717266872596948,1
t2-F2-eur-energy-divergence-2022,F2,2022-06-30,public-dev,True,1.0965767613989972,1.0965767613989972,1.1416617106019364,0.0,0.9838643883916486,1
t2-F2-higher-for-longer-2023,F2,2023-09-20,public-dev,True,1.1371608493685286,1.1371608493685286,1.1870435581651764,0.0,1.0124540773769086,1
t2-F2-nirp-paradox-2016,F2,2016-02-05,public-dev,True,1.6661656159335987,1.6661656159335987,1.9276502307537962,0.0,1.0124540788831051,1
t2-F2-opec-cad-2014,F2,2014-11-28,validation,True,2.7485499240072326,2.7485499240072326,2.965927271644769,0.0,2.205106554913391,1
t2-F2-powell-pivot-2019,F2,2019-01-30,validation,True,4.394785052194694,4.394785052194694,4.1113454997115015,0.0,5.1033839334026725,1
t2-F2-qe2-jackson-hole-2010,F2,2010-08-31,validation,True,1.2963820138162934,1.2963820138162934,1.4099531886711145,0.0,1.01245407667924,1
t2-F2-shunto-nirp-exit-2024,F2,2024-03-15,public-dev,True,0.839344212581913,0.839344212581913,0.7598522671073653,0.0,1.0380740762682823,1
t2-F2-some-pain-2022,F2,2022-08-26,validation,True,0.8717909527287223,0.8717909527287223,0.815525703163354,0.0,1.012454076642143,1
t2-F2-taper-begins-2013,F2,2013-12-18,validation,True,1.5583339016555184,1.5583339016555184,1.7804296534058555,0.0,1.003094522279676,1
t2-F2-taper-testimony-2013,F2,2013-05-24,public-dev,True,4.04409047622185,4.04409047622185,3.862674384154647,0.0,4.497630706389859,1
t2-F2-time-has-come-2024,F2,2024-08-23,public-dev,True,1.1315216826396732,1.1315216826396732,1.1791487249086858,0.0,1.0124540769671417,1
t2-F2-trade-war-escalation-2019,F2,2019-08-02,validation,True,0.6881178942846731,0.6881178942846731,0.5698191697508854,0.0,0.9838647056191417,1
t2-F2-trichet-alertness-2008,F2,2008-06-30,validation,True,3.581108575621034,3.581108575621034,3.5349020380961877,0.0,3.6966249194331486,1
t2-F2-whatever-it-takes-2012,F2,2012-07-27,public-dev,True,1.334281929541666,1.334281929541666,1.474448856112235,0.0,0.983864613115243,1
t2-F3-boj-ust-channel-2023,F3,2023-07-21,public-dev,True,0.6632353976039345,0.6632353976039345,0.8684756283232576,0.22965107726843426,0.8005113013088764,4
t2-F3-brexit-joint-2016,F3,2016-06-17,public-dev,True,0.48128752438574035,0.48128752438574035,0.5576935142463157,0.12118001552413683,0.8304338130267072,8
t2-F3-conundrum-joint-2005,F3,2005-02-18,validation,True,0.622889126869421,0.622889126869421,0.49228379283163237,0.7129455802255976,0.8143177819296273,8
t2-F3-covid-curve-2020,F3,2020-02-21,public-dev,True,4.083444024098851,4.083444024098851,3.9235896485113866,1.7598491786137795,7.96847223129512,8
t2-F3-cpi-release-cross-2022,F3,2022-09-09,validation,True,0.8460922262415298,0.8460922262415298,0.9742169266922928,0.5433355036225259,0.9799155590431283,4
t2-F3-divergence-2014,F3,2014-09-30,validation,True,2.429444837647935,2.429444837647935,2.5061246496517775,1.8210530847261714,3.1503329370209743,6
t2-F3-dollar-squeeze-2020,F3,2020-03-13,validation,True,0.9844758763348798,0.9844758763348798,0.7445322989741944,1.3823936769343488,0.9874581188373899,20
t2-F3-dollar-vortex-2022,F3,2022-09-01,validation,True,0.9758026508313988,0.9758026508313988,1.0929929924879562,0.8420640169840465,0.8834347474610339,8
t2-F3-dots-vs-oil-2014,F3,2014-12-17,validation,True,0.8258023315978755,0.8258023315978755,0.7686816630023714,0.9243390941656674,0.8207988592349482,6
t2-F3-energy-escalation-fx-2022,F3,2022-02-18,validation,True,1.5054480047994474,1.5054480047994474,1.3867353015729231,2.1310462426996555,0.8638324060154454,8
t2-F3-fiscal-risk-joint-2011,F3,2011-07-22,public-dev,True,1.4323500599864465,1.4323500599864465,0.7300394839029537,2.7967369344881168,1.141546188442673,6
t2-F3-front-loaded-hikes-2022,F3,2022-06-15,validation,True,0.7419551590906862,0.7419551590906862,0.5201206330744179,1.0646795167717307,0.8124549376097906,8
t2-F3-funding-carry-fx-2024,F3,2024-07-26,validation,True,1.7514419137023371,1.7514419137023371,1.6324632859936274,1.4382269031819537,2.518710998754687,8
t2-F3-hiking-year-curve-2018,F3,2018-06-13,validation,True,0.7322158099841047,0.7322158099841047,0.5799216357552642,0.9321004544194958,0.8131242789031192,8
t2-F3-inversion-persistence-2019,F3,2019-08-14,validation,True,0.9386413557821018,0.9386413557821018,0.940076832712869,0.9815692278272546,0.870660855387455,4
t2-F3-rates-into-factors-2022,F3,2022-01-05,validation,True,1.1263412137809494,1.1263412137809494,0.7823212807985687,1.892525207703013,0.8371150553538053,4
t2-F3-readout-calendar-factors-2020,F3,2020-10-30,validation,True,1.4103366631223468,1.4103366631223468,1.4498380555385668,1.2970785271858785,1.4814703859865,6
t2-F3-scandies-stress-2022,F3,2022-09-23,validation,True,1.6700594711208367,1.6700594711208367,1.650994460765235,1.972215625756961,1.264487765055655,6
t2-F3-sep-dots-curve-2023,F3,2023-09-21,public-dev,True,1.2415632589255303,1.2415632589255303,1.253161322799109,1.5110836054239307,0.8082875794939833,8
t2-F3-taper-testimony-curve-2013,F3,2013-05-24,validation,True,2.0792286657338988,2.0792286657338988,2.1910260519858364,1.4728597593388106,2.7092885596966876,8
t2-F4-aud-gfc-2008,F4,2008-09-12,validation,True,1.3621048441778163,1.3621048441778163,1.2523602636222535,0.0,1.636466295566723,1
t2-F4-chf-defended-floor-2015,F4,2014-12-19,public-dev,True,5.402595284458397,5.402595284458397,5.5197026793519886,0.0,5.109826797224417,1
t2-F4-china-stress-mkt-2015,F4,2015-07-31,validation,True,1.0747152875021193,1.0747152875021193,0.8497738795489949,0.0,1.6370688073849304,1
t2-F4-covid-mkt-2020,F4,2020-02-19,public-dev,True,14.244096468454842,8.0,10.337290150236607,0.0,24.01111226400043,1
t2-F4-covid-rates-2020,F4,2020-02-14,public-dev,True,4.510112102945403,4.510112102945403,4.865955968757352,0.0,3.6205024384155298,1
t2-F4-cpi-friday-2022,F4,2022-05-31,validation,True,1.7542386566411214,1.7542386566411214,1.8013473120717975,0.0,1.6364670180644316,1
t2-F4-eur-warnings-2022,F4,2022-02-18,validation,True,1.2597395559333697,1.2597395559333697,1.1090495291572418,0.0,1.6364646228736894,1
t2-F4-factor-joint-credit-2007,F4,2007-07-31,validation,True,2.222115113793227,2.222115113793227,2.7007577427417533,1.506804692352712,2.0984741735826815,3
t2-F4-factor-stress-2008,F4,2008-09-12,validation,True,1.451763630027324,1.451763630027324,1.3958518099634611,1.4148897514679815,1.6468539980259953,2
t2-F4-funding-stress-10y-2008,F4,2008-09-12,validation,True,1.5446017148893105,1.5446017148893105,1.5078555894263674,0.0,1.6364670285466678,1
t2-F4-funding-stress-2y-2008,F4,2008-09-12,validation,True,1.3371455441875582,1.3371455441875582,1.2240331520474068,0.0,1.6199265245379364,1
t2-F4-gbp-brexit-2016,F4,2016-05-31,public-dev,True,1.138775760671137,1.138775760671137,0.9396994828228629,0.0,1.636466455291822,1
t2-F4-gbp-conference-2016,F4,2016-09-30,validation,True,1.2466799133476891,1.2466799133476891,1.0907651912465126,0.0,1.63646671860063,1
t2-F4-hml-covid-2020,F4,2020-02-14,validation,True,1.7990381141871494,1.7990381141871494,1.8647081900051556,0.0,1.6348629246421333,1
t2-F4-jpy-carry-2007,F4,2007-07-20,validation,True,1.3018289059501809,1.3018289059501809,1.167973653413667,0.0,1.636467037291465,1
t2-F4-jpy-crowding-2024,F4,2024-07-31,public-dev,True,1.1189207347162275,1.1189207347162275,0.9119022136504022,0.0,1.6364670373807908,1
t2-F4-mkt-debt-ceiling-2011,F4,2011-07-22,validation,True,2.204643302558737,2.204643302558737,2.4314154367113403,0.0,1.6377129671772286,1
t2-F4-mkt-new-year-2016,F4,2015-12-31,validation,True,1.1485181267229216,1.1485181267229216,0.9528111312533701,0.0,1.6377856153968002,1
t2-F4-momentum-bank-stress-2009,F4,2009-03-06,validation,True,2.5398499364788543,2.5398499364788543,2.904790278492697,0.0,1.6274990814442472,1
t2-F4-nok-covid-2020,F4,2020-02-28,validation,True,4.471774985079705,4.471774985079705,4.807822987717588,0.0,3.6316549784849945,1
t2-F4-powell-december-2018,F4,2018-11-30,validation,True,1.1679359162749785,1.1679359162749785,0.9778778631284357,0.0,1.643081049141335,1
t2-F4-same-week-texts-2023,F4,2023-03-08,public-dev,True,5.395424027350008,5.395424027350008,5.514436814296269,0.0,5.097892059984354,1
t2-F4-short-vol-2018,F4,2018-01-26,public-dev,True,1.1155337209588412,1.1155337209588412,0.9072295313402471,0.0,1.6362941950053256,1
t2-F4-taper-warning-2013,F4,2013-04-30,validation,True,2.831758451853637,2.831758451853637,3.316491225336682,0.0,1.619926518146024,1
t2-F4-ust-downgrade-watch-2011,F4,2011-07-22,validation,True,2.8196699553705002,2.8196699553705002,3.2929511267298506,0.0,1.6364670269721249,1
t2-F4-ust10y-january-fomc-2009,F4,2009-01-30,validation,True,1.2020753929422314,1.2020753929422314,1.0349349403451835,0.0,1.6199265244348513,1
t2-F4-ust10y-supply-2023,F4,2023-09-29,validation,True,1.137622080426853,1.137622080426853,0.9380841005663271,0.0,1.6364670300781676,1
t2-F4-ust2y-december-fomc-2021,F4,2021-12-31,validation,True,19.418243118248782,8.0,12.853727457918671,0.0,35.82953226907406,1
t2-F4-vaccine-timeline-2020,F4,2020-10-30,validation,True,1.1365542921283749,1.1365542921283749,0.9334874676503443,0.0,1.6442213533234509,1
